{"Linear Regression": {"R2 Score": 0.07405130173270347, "MAE": 64591.970617348845}, "Decision Tree": {"R2 Score": 0.7993836977479711, "MAE": 10716.577157026355}, "Random Forest": {"R2 Score": 0.958446777254643, "MAE": 8638.41941948321}}